id,target
c0f722661,-0.039852552
f0953f0a5,-0.08301861
0df072751,-0.32309008
04caf4e0c,-1.9731361
0e63f8bea,-1.8568296
12537fe78,-0.70566404
965e592c0,0.5451374
